model_variant,intensity_mode,intensity_control,alpha,target_emotion,speaker_cosine,speaker_ref_cosine,emotion_acc,emotion_conf,emotion_ref_cosine,emotion_src_cosine
epoch_00025,inferred,style,0.6,Angry,0.7498711931705475,0.7483186328411102,0.185,0.18552819963908404,-0.011387442741543054,0.17237918393453583
epoch_00025,inferred,style,0.6,Happy,0.7332514703273774,0.7062415060400963,0.415,0.4124792645244815,0.27465197725687174,0.0150761113606859
epoch_00025,inferred,style,0.6,Sad,0.7578734607994556,0.7374865968525409,0.955,0.9568697831568715,0.9011405694158747,0.0584994397778064
epoch_00025,inferred,style,0.6,Surprise,0.7202998985350132,0.6769090634584427,0.095,0.0951279759387944,0.062065186402760444,-0.1397347217425704
