model_variant,alpha,target_emotion,speaker_cosine,emotion_acc,emotion_conf,emotion_ref_cosine
epoch_00065,1.0,Angry,0.7176972568035126,0.1,0.09791857075906592,-0.0957525297999382
epoch_00065,1.0,Happy,0.7740560710430145,0.3,0.29846521600848064,0.09301991462707519
epoch_00065,1.0,Sad,0.7769101560115814,1.0,0.9877954065799713,0.8383414417505264
epoch_00065,1.0,Surprise,0.6919590890407562,0.2,0.26692345464252865,0.409977225959301
