model_variant,intensity_mode,intensity_control,alpha,target_emotion,speaker_cosine,speaker_ref_cosine,emotion_acc,emotion_conf,emotion_ref_cosine,emotion_src_cosine
epoch_00025,inferred,style,0.8,Angry,0.7312016735970974,0.7483186328411102,0.3,0.30132030779870544,0.1629559282818809,-0.017687822756706738
epoch_00025,inferred,style,0.8,Happy,0.7104403118789197,0.7062415060400963,0.57,0.5643238550981914,0.47366908605908975,-0.1272820655675605
epoch_00025,inferred,style,0.8,Sad,0.7369561219215393,0.7374865968525409,0.985,0.9821434676839271,0.9077717795129865,0.04551187095465139
epoch_00025,inferred,style,0.8,Surprise,0.6742037068307399,0.6769090634584427,0.325,0.3226693123190125,0.3769058903027326,-0.35936444303020837
