model_variant,intensity_mode,intensity_control,alpha,target_emotion,speaker_cosine,speaker_ref_cosine,emotion_acc,emotion_conf,emotion_ref_cosine,emotion_src_cosine
epoch_00025,inferred,style,0.2,Angry,0.7773291237652302,0.8525399199128151,0.1,0.10071083303759223,-0.1853168822824955,0.3540452082152478
epoch_00025,inferred,style,0.2,Happy,0.7719179165363311,0.8768198068439961,0.15,0.14534329492813414,-0.05858985181665048,0.3135345287295058
epoch_00025,inferred,style,0.2,Sad,0.7799884471297264,0.9000424140691757,0.795,0.7888244547467548,0.7700554118677974,0.2447647777455859
epoch_00025,inferred,style,0.2,Surprise,0.7740121358633041,0.845426597893238,0.005,0.005169065960544685,-0.2935120434500277,0.31724158774130046
