model_variant,alpha,target_emotion,speaker_cosine,emotion_acc,emotion_conf,emotion_ref_cosine
epoch_00020,1.0,Angry,0.6938622742891312,0.1,0.09326628172930214,-0.007845144346356392
epoch_00020,1.0,Happy,0.713381564617157,0.5,0.512510389603267,0.46181542351841925
epoch_00020,1.0,Sad,0.736029589176178,1.0,0.9992625713348389,0.8643988832831383
epoch_00020,1.0,Surprise,0.6544607639312744,0.3,0.29738805261440576,0.4541947990655899
