model_variant,alpha,target_emotion,speaker_cosine,emotion_acc,emotion_conf,emotion_ref_cosine
epoch_00080,1.0,Angry,0.7355442970991135,0.1,0.09999500395642827,-0.0858857624232769
epoch_00080,1.0,Happy,0.7864701509475708,0.3,0.33003525649837684,0.18000795394182206
epoch_00080,1.0,Sad,0.7889506340026855,1.0,0.9974916577339172,0.8499001726508141
epoch_00080,1.0,Surprise,0.6992692053318024,0.4,0.40994904708641117,0.420810367166996
