model_variant,alpha,target_emotion,speaker_cosine,emotion_acc,emotion_conf,emotion_ref_cosine
epoch_00070,1.0,Angry,0.7169896870851517,0.1,0.07830677452438976,-0.13633964210748672
epoch_00070,1.0,Happy,0.7770909130573272,0.4,0.4145144017646089,0.26176987737417223
epoch_00070,1.0,Sad,0.7874377489089965,1.0,0.9932289361953736,0.8358820736408233
epoch_00070,1.0,Surprise,0.6896792113780975,0.3,0.30864417313277953,0.4616370227187872
