model_variant,alpha,target_emotion,speaker_cosine,emotion_acc,emotion_conf,emotion_ref_cosine
epoch_00035,1.0,Angry,0.7029707163572312,0.1,0.10036854552308797,-0.0005182184744626283
epoch_00035,1.0,Happy,0.741730558872223,0.6,0.5797290462331148,0.4737838229164481
epoch_00035,1.0,Sad,0.7553205192089081,1.0,0.9994043171405792,0.868056808412075
epoch_00035,1.0,Surprise,0.683065903186798,0.4,0.39943605948938055,0.4216203555464745
