model_variant,intensity_mode,intensity_control,alpha,target_emotion,speaker_cosine,speaker_ref_cosine,emotion_acc,emotion_conf,emotion_ref_cosine,emotion_src_cosine
epoch_00025,inferred,style,1.0,Angry,0.6964617083966732,0.7433450452983379,0.52,0.5154482789635222,0.44197973287431525,-0.18969614506233484
epoch_00025,inferred,style,1.0,Happy,0.6713437789678574,0.7004564820230007,0.655,0.6381273110897746,0.5781194903794676,-0.21907529707532375
epoch_00025,inferred,style,1.0,Sad,0.7256048895418644,0.7267877827584743,0.97,0.9703587378801604,0.893282561013475,0.044596738368272784
epoch_00025,inferred,style,1.0,Surprise,0.624972403421998,0.672762964963913,0.51,0.5074510243229452,0.5763724143709987,-0.419836437497288
