model_variant,alpha,target_emotion,speaker_cosine,emotion_acc,emotion_conf,emotion_ref_cosine
epoch_00060,1.0,Angry,0.712617376446724,0.1,0.08218744980404154,-0.11639874503016472
epoch_00060,1.0,Happy,0.7801320910453796,0.3,0.3591558158848784,0.20971547514200212
epoch_00060,1.0,Sad,0.7785116612911225,1.0,0.9993069887161254,0.8631709009408951
epoch_00060,1.0,Surprise,0.6908358633518219,0.2,0.20504931008908897,0.3318540509790182
