model_variant,alpha,target_emotion,speaker_cosine,emotion_acc,emotion_conf,emotion_ref_cosine
epoch_00050,1.0,Angry,0.6944990545511246,0.1,0.132959292679152,0.07589296572841704
epoch_00050,1.0,Happy,0.7355091810226441,0.6,0.5884242185915355,0.4634678838774562
epoch_00050,1.0,Sad,0.7707536399364472,1.0,0.9993730545043945,0.863206073641777
epoch_00050,1.0,Surprise,0.6643374979496002,0.2,0.20838588796032126,0.3633838627487421
