model_variant,alpha,target_emotion,speaker_cosine,emotion_acc,emotion_conf,emotion_ref_cosine
epoch_00025,1.0,Angry,0.6955135613679886,0.1,0.09870704132772516,-0.042707613483071324
epoch_00025,1.0,Happy,0.7230072379112243,0.7,0.6506093492964282,0.5337898232042789
epoch_00025,1.0,Sad,0.7386355042457581,1.0,0.9994198679924011,0.8702876061201096
epoch_00025,1.0,Surprise,0.6552410662174225,0.8,0.7662774294090923,0.6840957298874855
