model_variant,alpha,target_emotion,speaker_cosine,emotion_acc,emotion_conf,emotion_ref_cosine
epoch_00100,1.0,Angry,0.7254808515310287,0.3,0.2962563448389119,0.13877907246351243
epoch_00100,1.0,Happy,0.7849627196788788,0.5,0.48456111157720444,0.3157280616462231
epoch_00100,1.0,Sad,0.7788747072219848,1.0,0.999224716424942,0.860079774260521
epoch_00100,1.0,Surprise,0.6700949013233185,0.5,0.46882321740777116,0.4157430771738291
