model_variant,alpha,target_emotion,speaker_cosine,emotion_acc,emotion_conf,emotion_ref_cosine
epoch_00030,1.0,Angry,0.6989749073982239,0.1,0.10035030427679885,0.025243302807211876
epoch_00030,1.0,Happy,0.7051310807466507,0.4,0.400508883567818,0.33440263038501145
epoch_00030,1.0,Sad,0.7480293989181519,1.0,0.9994208574295044,0.8699321061372757
epoch_00030,1.0,Surprise,0.6460034132003785,0.4,0.3729112880042521,0.44827635288238527
