model_variant,alpha,target_emotion,speaker_cosine,emotion_acc,emotion_conf,emotion_ref_cosine
epoch_00000,1.0,Angry,0.3181805431842804,0.0,0.00023568963224533944,-0.2797213360667229
epoch_00000,1.0,Happy,0.328218212723732,0.0,0.0003346421988680959,-0.18631099425256253
epoch_00000,1.0,Sad,0.3247529029846191,1.0,0.9987712383270264,0.8619281023740768
epoch_00000,1.0,Surprise,0.30896281749010085,0.0,0.00020474024204304443,-0.2982508949935436
