model_variant,alpha,speaker_cosine,emotion_acc,emotion_conf,emotion_ref_cosine
epoch_00000,1.0,0.3200286190956831,0.25,0.2498865776000457,0.024411219265311958
