model_variant,alpha,target_emotion,speaker_cosine,emotion_acc,emotion_conf,emotion_ref_cosine
epoch_00075,1.0,Angry,0.7327717304229736,0.1,0.10035808447282761,-0.05030318424105644
epoch_00075,1.0,Happy,0.7893776416778564,0.4,0.4023934604934766,0.23306031823158263
epoch_00075,1.0,Sad,0.7865616142749786,1.0,0.9885063409805298,0.8412785515189171
epoch_00075,1.0,Surprise,0.7066902041435241,0.4,0.39977620594436303,0.3873930025845766
