model_variant,alpha,target_emotion,speaker_cosine,emotion_acc,emotion_conf,emotion_ref_cosine
epoch_00055,1.0,Angry,0.7141685575246811,0.0,0.0010409597358375321,-0.17003126442432404
epoch_00055,1.0,Happy,0.7629961967468262,0.3,0.3111541457314161,0.13122187331318855
epoch_00055,1.0,Sad,0.7759525120258332,1.0,0.9984772980213166,0.854016189277172
epoch_00055,1.0,Surprise,0.6780775904655456,0.2,0.20404780572571327,0.3511531097814441
