model_variant,alpha,speaker_cosine,emotion_acc,emotion_conf,emotion_ref_cosine
epoch_00055,1.0,0.7327987141907215,0.375,0.3786800523035708,0.29158997698687017
