model_variant,alpha,target_emotion,speaker_cosine,emotion_acc,emotion_conf,emotion_ref_cosine
epoch_00040,1.0,Angry,0.6901902705430984,0.1,0.0973276315111434,-0.024364640936255455
epoch_00040,1.0,Happy,0.7273066222667695,0.4,0.4033382786263246,0.3275215459987521
epoch_00040,1.0,Sad,0.7448854863643646,1.0,0.9994036555290222,0.8688381180167198
epoch_00040,1.0,Surprise,0.6686017036437988,0.3,0.30257226887188154,0.4932254277169704
