model_variant,alpha,target_emotion,speaker_cosine,emotion_acc,emotion_conf,emotion_ref_cosine
epoch_00005,1.0,Angry,0.6421258181333542,0.0,0.00039964553143363447,-0.1761643105186522
epoch_00005,1.0,Happy,0.5952320158481598,0.2,0.20930935461510672,0.10373396202921867
epoch_00005,1.0,Sad,0.6684532344341279,0.9,0.8996176476939581,0.7644513636827469
epoch_00005,1.0,Surprise,0.5997375935316086,0.1,0.10098843748855871,0.07170089930295945
