model_variant,alpha,target_emotion,speaker_cosine,emotion_acc,emotion_conf,emotion_ref_cosine
epoch_00010,1.0,Angry,0.6742538154125214,0.0,0.0005609780142549426,-0.13605585829354822
epoch_00010,1.0,Happy,0.6609851211309433,0.3,0.31487193362554533,0.20752679612487554
epoch_00010,1.0,Sad,0.7230654716491699,1.0,0.9993793427944183,0.8656901583075524
epoch_00010,1.0,Surprise,0.6286037385463714,0.3,0.27508077148668236,0.33942588567733767
