model_variant,intensity_mode,intensity_control,alpha,target_emotion,speaker_cosine,speaker_ref_cosine,emotion_acc,emotion_conf,emotion_ref_cosine,emotion_src_cosine
epoch_00025,inferred,style,0.0,Angry,0.7795665165781975,0.7483186328411102,0.05,0.05012983864678972,-0.2607177088642493,0.3534389693965204
epoch_00025,inferred,style,0.0,Happy,0.7813696648180485,0.7062415060400963,0.085,0.08512959068269993,-0.16330717539880424,0.3607426862698048
epoch_00025,inferred,style,0.0,Sad,0.7804684090614319,0.7374865968525409,0.66,0.6600611303289406,0.6369174069492146,0.34778934772126374
epoch_00025,inferred,style,0.0,Surprise,0.77923642963171,0.6769090634584427,0.0,0.00013243044085356815,-0.36301578549668195,0.35972845820244403
