model_variant,alpha,target_emotion,speaker_cosine,emotion_acc,emotion_conf,emotion_ref_cosine
epoch_00095,1.0,Angry,0.7259738653898239,0.3,0.2919370576571964,0.15270610945299268
epoch_00095,1.0,Happy,0.7786779463291168,0.4,0.42768825822568035,0.26256477907299997
epoch_00095,1.0,Sad,0.7884154558181763,1.0,0.9990910172462464,0.8574792221188545
epoch_00095,1.0,Surprise,0.6769681811332703,0.4,0.38841457593625817,0.44093130379915235
