model_variant,intensity_mode,intensity_control,alpha,target_emotion,speaker_cosine,speaker_ref_cosine,emotion_acc,emotion_conf,emotion_ref_cosine,emotion_src_cosine
epoch_00025,inferred,style,0.4,Angry,0.7643148708343506,0.7483186328411102,0.145,0.14713169569837192,-0.10967515176162124,0.2809274831111543
epoch_00025,inferred,style,0.4,Happy,0.7546721787750721,0.7062415060400963,0.285,0.2894057808215439,0.1197613077214919,0.16391167922178285
epoch_00025,inferred,style,0.4,Sad,0.7685063129663467,0.7374865968525409,0.9,0.9002673178747864,0.8621453992370516,0.13611004004953428
epoch_00025,inferred,style,0.4,Surprise,0.7525971341133117,0.6769090634584427,0.02,0.017764978570558015,-0.17186964428983628,0.15514488639310003
